﻿<?xml version="1.0" encoding="UTF-8"?>
<MyGUI>
	<Tag name="File">Файл</Tag>
	<Tag name="Widgets">Виджеты</Tag>
	<Tag name="Load">Открыть</Tag>
	<Tag name="Save">Сохранить</Tag>
	<Tag name="Save_as">Сохранить как...</Tag>
	<Tag name="Clear">Очистить</Tag>
	<Tag name="Settings">Настройки</Tag>
	<Tag name="Test">#{ColourMenuTest}Тест</Tag>
	<Tag name="Quit">Выход</Tag>

	<Tag name="Properties">Свойства</Tag>
	<Tag name="Main_properties">Основные свойства</Tag>
	<Tag name="Widget_type_propertes">Свойства #{widget_type}</Tag>
	<Tag name="Properties_not_available">#808080Свойства #{widget_type}</Tag>
	<Tag name="Other_properties">Остальные свойства</Tag>

	<Tag name="Add">Добавить</Tag>
	<Tag name="Delete">Удалить</Tag>
	<Tag name="Select">Выбрать</Tag>

	<Tag name="Grid_step">Шаг сетки</Tag>
	<Tag name="Resolution">Разрешение</Tag>
	<Tag name="Full_screen">Полный экран</Tag>
	<Tag name="Screen_properties">Свойства экрана</Tag>
	<Tag name="Editor_settings">Настройки редактора</Tag>
	<Tag name="Widgets_list">Список виджетов</Tag>
	<Tag name="Show_widget_name">Показывать имя виджета</Tag>
	<Tag name="Show_widget_type">Показывать тип виджета</Tag>
	<Tag name="Show_widget_skin">Показывать скин виджета</Tag>
	<Tag name="Autohide_editor_panels">Автоскрытие панелей редактора</Tag>

	<Tag name="Key">Ключ</Tag>
	<Tag name="Value">Значение</Tag>

	<Tag name="Select_file_name">Выберите имя файла</Tag>

	<Tag name="OK">Ок</Tag>
	<Tag name="Cancel">Отмена</Tag>
	<Tag name="Warning">Внимание</Tag>

	<Tag name="Warn_delete_all_widgets">Вы уверены, что хотите удалить все виджеты?</Tag>
	<Tag name="Warn_unsaved_data">У вас есть несохраненные изменения. Вы хотите сохранить их?</Tag>

	<Tag name="to_percents">%</Tag>
	<Tag name="to_pixels">пиксели</Tag>
</MyGUI>