<?xml version="1.0" encoding="UTF-8"?>

<MyGUI type="Language">

	<!--Language>
		<Info>
			<Source>core_theme_tag.xml</Source>
			<Source>editor_theme_tag.xml</Source>
		</Info>
	</Language-->

	<!--Language>
		<Info>
			<Source>core_theme_black_blue_tag.xml</Source>
			<Source>editor_theme_black_blue_tag.xml</Source>
		</Info>
	</Language-->

	<Language>
		<Info>
			<Source>core_theme_black_orange_tag.xml</Source>
			<Source>editor_theme_black_orange_tag.xml</Source>
		</Info>
	</Language>

</MyGUI>
