<?xml version="1.0" encoding="UTF-8"?>

<MyGUI>

	<MyGUI type="Widgets">
		<Widget name="HikariWidget">
			<Property key="DefaultSkin" value="Canvas"/>

			<Property key="Skin" value="Canvas" group="Plugin" name="HikariWidget"/>

			<Property key="Parent" value="true"/>
			<Property key="Child" value="true"/>

			<Parameter key="Hikari_Source" value="FileName"/>
			<Parameter key="Hikari_Transparent" value="Bool"/>
		</Widget>
	</MyGUI>

	<MyGUI type="Plugin">
		<Plugin>
			<Source>Plugin_HikariWidget.dll</Source>
			<Source build="Debug">Plugin_HikariWidget_d.dll</Source>
		</Plugin>
	</MyGUI>

</MyGUI>
