<?xml version="1.0" encoding="UTF-8"?>

<MyGUI>

	<MyGUI type="Widgets">
		<Widget name="StrangeButton">
			<Property key="DefaultSkin" value="Button"/>

			<Property key="Skin" value="Button" group="Plugin" name="StrangeButton"/>

			<Property key="Parent" value="true"/>
			<Property key="Child" value="true"/>

			<Parameter key="StrangeButton_Pressed" value="Bool"/>
		</Widget>
	</MyGUI>

	<MyGUI type="Plugin">
		<Plugin>
			<Source>Plugin_StrangeButton.dll</Source>
			<Source build="Debug">Plugin_StrangeButton_d.dll</Source>
		</Plugin>
	</MyGUI>

</MyGUI>
